"place_id","photo_reference","height","width","html_attributions"
"ChIJu03LNFiV9EcRkMfvE443LeM","CmRaAAAAUAo5cqnDTrYmotzLRgFYpSXiqTxlVNl0TqkU4ksZsWSNfKGg5oI5hBAGxd1R9g6eHx05hwHmG-ORS8YME_T2Wl8woUMa1Xwh1sPzzUtLg2OyfPGjouEjv2m3MMFXbNTqEhA2Cto98cXa6rL0MOQd6bzNGhTfzVX2Tu_hUmNGhKJYlqPialwo6g",683,1024,"[""<a href=\""https://maps.google.com/maps/contrib/105821631961449276113/photos\"">Agence Imagera</a>""]"
"ChIJu03LNFiV9EcRkMfvE443LeM","CmRaAAAAnWJbK4iSFi54NjFRgtG306qtyZrjoje2pqmlFfP-6orlF9fR2n-IOClHpa0QoAuy_TwtVjo48ToOj0EVEmgw_yHoNwW9PJr9kxQW3EbmIVffH89CN7lgySSIto2upiekEhCWUXUsfNucumWt9DVxHwM_GhQw-ASoNw_vAutlL3ss876RXPp6rg",683,1024,"[""<a href=\""https://maps.google.com/maps/contrib/105821631961449276113/photos\"">Agence Imagera</a>""]"
"ChIJu03LNFiV9EcRkMfvE443LeM","CmRaAAAAhoD5rVLEOMux6QqmtXQniVdwVweVDwFWU9Hf2vXaxuv8iHE_FjNz6YnnHzkaawhUrFzCEKL4MucLG_j7zixQ3UsaRZMVCshHZrY7cMDwnm6C8MlQplB6RhvdiE5UsYaGEhBeznISf87CGlMpb3DcM4rLGhQ4xbr2J1htejeAUNgfHZVnRH8T-A",692,1024,"[""<a href=\""https://maps.google.com/maps/contrib/105821631961449276113/photos\"">Agence Imagera</a>""]"
"ChIJu03LNFiV9EcRkMfvE443LeM","CmRaAAAAeun_XsPJ8L-StKwP0dSRr9OLAWP55cfmjVlW7hNVuoFz3fxl3zLegbn5ajcU9NvreMHpDhcf4mO36iGVnMEinCOsc0E5GPrrEwSJ_n06p69Pnn60CoIUc55XDXi1VklNEhB9LWolyLlTN9VtBC1H7T7ZGhS9yMVBEITh1yWdm0L6sIIpYTCNBQ",683,1024,"[""<a href=\""https://maps.google.com/maps/contrib/105821631961449276113/photos\"">Agence Imagera</a>""]"
"ChIJu03LNFiV9EcRkMfvE443LeM","CmRaAAAAfCIZ2ADwMWzx3_H6qV4n-n82Iqp-fmrROpoMDbjMhTtBXV-FJn137f4BynteK34l01HDHqna6jMTAgHNSHs_7G7jMG_Eu9dI8sGUyurx6CkxOiZP_GTjAM-3rSf0KUVoEhCKHQCKkInuGMWbjgUDXlKSGhQTQccOO81akP1jtCEAh8FA7g1TBw",692,1024,"[""<a href=\""https://maps.google.com/maps/contrib/105821631961449276113/photos\"">Agence Imagera</a>""]"
"ChIJu03LNFiV9EcRkMfvE443LeM","CmRaAAAAQEK7vcDK5e6R7ArgCxvsWW6oceBYNfrYYFH5nlSzTZoO5REFG8jAN14lTUTAbtRXxwaXlnNoTqII9H7kqErb23axvGwJVyY5OXI2vrOLAvO_BOAi0Xe0irQoEpnDzUTgEhDNYPtptskOPE7Y_1p6azVIGhQqNbYl6jl60OsSkrvudXapXVeg1w",683,1024,"[""<a href=\""https://maps.google.com/maps/contrib/105821631961449276113/photos\"">Agence Imagera</a>""]"
"ChIJu03LNFiV9EcRkMfvE443LeM","CmRaAAAAJpfoq6qX7bNSNLl3ZZYcW4ZE7aLwCOLmnIydlYbcjxgWuJ07yKzTvkuxJ8vmO18388sZPceo6WeH6embyVT8Uw8_WIpEoLyV_dN5qvz-u_Mw1UuZadmFEW4u1_DFtElNEhAJgQM8yjXbv1oJ1_Ci-JzFGhTt7_KQJdZJtzxjN3LOuP4Uhg4fWw",683,1024,"[""<a href=\""https://maps.google.com/maps/contrib/105821631961449276113/photos\"">Agence Imagera</a>""]"
"ChIJu03LNFiV9EcRkMfvE443LeM","CmRaAAAA5ajMZ3-esqOL4-cEkGs2i4tvPpP0igNA0GON9ceDQg_4F1ItsVkftnbHxvcmwbW314L93ad3YQ2YQmiZYgypinmEVxuB4k307wCu4aTAYPmuix2j-kpsc4Uml_8Ne5meEhCQNJ8j8oiu2EaTeog_g8o8GhRfavA6bocsxwzBR1vgMoz1mx0vvA",683,1024,"[""<a href=\""https://maps.google.com/maps/contrib/105821631961449276113/photos\"">Agence Imagera</a>""]"
"ChIJu03LNFiV9EcRkMfvE443LeM","CmRaAAAAaXrB5x1B4fHYkSH4s-Vp_2NtfSTLC_fdEncP5YfrcGavltj5YJfgoSC0I-5fYVQDCd4HFl2ZAFPgpZm2kyR5Z_QnbqJahMPMt4PekYLkJvQYhZRY7_x0MxvbBhYxcwrWEhD7SqDfYF4-bkRxguRvx8PuGhShMyHOPDKZCkc4frZwqqK2H7Y-SQ",683,1024,"[""<a href=\""https://maps.google.com/maps/contrib/105821631961449276113/photos\"">Agence Imagera</a>""]"
"ChIJu03LNFiV9EcRkMfvE443LeM","CmRaAAAAiTKo1WgaAfm7h_gRcjQDjjZkjSPm_BbiicsjTOk1PoVD5dUZefUqVA9rwpVH-qozLoRv33MtIiGxeSgKqOsD7aF_fEWEL-IMuck6IuXqPW-1MqCbIhuqf07UJR_lMuCQEhDSNy4DBXXQDhHiPqlD2xNxGhT2nzkZhDVTwffU_bL6IkCqTqKvAQ",1944,2592,"[""<a href=\""https://maps.google.com/maps/contrib/113918889729101208851/photos\"">Gérard Colin</a>""]"
"ChIJhWEpr8zs9EcR8h5Ly7EC5cM","CmRaAAAAJkYYz5aZWcooeQhW9armwsbuAHMnO6ch_hEd5FtjsGc2zWERcahy28zglmQWdM-mS-u4TBWOH7eY_85K_Kkhmqx5aTv1z8zwxXfWzqK3b2QbWRRu0PmCfpKVX1zjcNcWEhAnW94avYwptR4IPiPxqcjCGhQ8wODaCh_DXuZZhFvjYUDY5RVeNw",3146,4727,"[""<a href=\""https://maps.google.com/maps/contrib/109172739714204776443/photos\"">Mad Motorcycles</a>""]"
"ChIJhWEpr8zs9EcR8h5Ly7EC5cM","CmRaAAAA1PYWh6XIeKIGhNWAzsGJBKtKP7mnDDctPisvVt1VgjZIj-Qv3XX2iXzZ6Uc7ipo77o1dk7joqOyGWkPa1nNEQxzDPcWCplDLWjkpSG5Hw_Ry3R2ccPmPTjIrgxhBB48bEhCQfnDJoUbxS4-Ulu2teFu0GhSxVJbyEgvyXOwhL4_pcTVNy9JWkg",3280,4928,"[""<a href=\""https://maps.google.com/maps/contrib/109172739714204776443/photos\"">Mad Motorcycles</a>""]"
"ChIJhWEpr8zs9EcR8h5Ly7EC5cM","CmRaAAAAhvr_fyS95c4wIvcAQWbr9-OXhetaVmjJK4OEsdRgs2u-Yw9Vs2t50iyYPxkhVLAM9wI1Iu6ifVCAhvr1b0GLkDCyJCNs4c2qjevPMFZOHY-uvdeUKZXFKhMBJWcrIaejEhBgfGmHRuLdSlfn5XEU45trGhS45jfZkH7ljaVlSWGCKuqdp5BGOw",2087,3180,"[""<a href=\""https://maps.google.com/maps/contrib/115964322453825835353/photos\"">Lc Cl</a>""]"
"ChIJhWEpr8zs9EcR8h5Ly7EC5cM","CmRaAAAAUy7DdlbzufQcf_WH9FThkZlbW46M3o6kVs_1LDCFX1_YerrylW-ZC_7M9-mwH6wXQcv29kp8Eg0ff920YCtlBZQQh24ol9Yitsy8mqOYnrFoE7fJrm4W0rqY0esT6F8fEhDpwd9zvwOp9qeSML42ygIPGhRMgbCT6-shwKmBfbmu9NSlXIoiuw",2432,4320,"[""<a href=\""https://maps.google.com/maps/contrib/106045736113568709565/photos\"">hervé Volstroff</a>""]"
"ChIJhWEpr8zs9EcR8h5Ly7EC5cM","CmRaAAAAVhYsKH37x2-9xmo-jOi7C1G-8gdrdIkcnbLMX3hmTO9XjlK7MoT7rzzHaxYlpTmnm2X6Z1Zqx_yGa2xGg_cT_7YuRIduFULib9eUlrVb2WI7eD4WT1UPVDnhPyTK9-p5EhCuDo8otHKk_---LM9Ent1hGhRb0Uv41sJqzroqque8Wi8i3fQxow",2432,4320,"[""<a href=\""https://maps.google.com/maps/contrib/106045736113568709565/photos\"">hervé Volstroff</a>""]"
"ChIJhWEpr8zs9EcR8h5Ly7EC5cM","CmRaAAAAqkRc9e8ep2D3ZEPKm62R3TM8XpQbDWAgk3zLeq4amn1IF8WMzZPa8eCrOC9ieWHs-y7gink97l1sEIL_QQcj4RCeorfyZ4K-8CijEsuhatZP1MMhKU4mFBIjN4rBu4l-EhCGrH5_a1RJ2nCkt-G6vD0wGhRZBmPA2Jw-OXVQGWhnl_VQKcnO2g",4320,2432,"[""<a href=\""https://maps.google.com/maps/contrib/106045736113568709565/photos\"">hervé Volstroff</a>""]"
"ChIJhWEpr8zs9EcR8h5Ly7EC5cM","CmRaAAAAFJ1VvW84HQ-13dfeQ_PTjC923YiTFmOPCBCSp0S4XJviwh4xb8dHgHMhkwS3TWG27-aFROZs5BcX30B6LL1_4tRK64sz7JJcf69s52a59QOfIVRG7eEzob0lgy5n0CWdEhChMmL2WPYbxs7uzWmvPdubGhTDMANjxlnTcpCrEbjc5AkUQ0PYBQ",3157,4738,"[""<a href=\""https://maps.google.com/maps/contrib/109172739714204776443/photos\"">Mad Motorcycles</a>""]"
"ChIJhWEpr8zs9EcR8h5Ly7EC5cM","CmRaAAAALrxwPNISBMm2iNonsALBA47tlf2fncCSSsSqBr6JYTuI5eVhVAhz6GYfxx7nHSZSiAa95rCaCSFaiB77OSSa6HH6iSfuvtwXxQkfpdu5ZMFATHAl5wOPoIcNier4i-IqEhB7HJJSERhyUjRC8_Lyi7DSGhSPLTgmDRI9ATqwyB2lv_JCE0AnjA",1836,3264,"[""<a href=\""https://maps.google.com/maps/contrib/100090482493070468049/photos\"">Michel Cintrat</a>""]"
"ChIJhWEpr8zs9EcR8h5Ly7EC5cM","CmRaAAAAyndnYrM3Qz1NFFxyPUEzR10YyT5BE5R0JS0maH9iaP6idZBazKG2J7OGrLQzwLFzpW5biyGlzPBtElrHq9CA5qoyrAieoVMy7bue229mDwdavy6qqh9pq9xAL5BRQYXJEhDjGbALUi2S6TX4Gvl0XBpeGhQS3a8aeCQBFaPCmGRAysgMBQl-fQ",3238,4864,"[""<a href=\""https://maps.google.com/maps/contrib/109172739714204776443/photos\"">Mad Motorcycles</a>""]"
"ChIJhWEpr8zs9EcR8h5Ly7EC5cM","CmRaAAAAAYLkDEMTlVmq3eRj2fF5DP6ZrMl0ozwC_nSe6CWcf6G8JK4MdhN_jwB7hqMiyUy73IRUHFjbZKpV3iKQlX6DwVk2fuUu6fGAw8LwKfd8SL08QfyNGqR458TUaqeHubdXEhAr0OMprck5hT5wR3DtFEMtGhTeL1XBwCgCTs_ScrCyiJuTxQh5ug",2432,4320,"[""<a href=\""https://maps.google.com/maps/contrib/106045736113568709565/photos\"">hervé Volstroff</a>""]"
"ChIJhaE_1Gvr9EcRHJJU4ttJm-4","CmRaAAAADynmiHZJxgqMFn9jC3u3KDLZfGqShKY7rZlBn-af8HwlvLieBggHNAvWUozJzaG-cQpR7ts3v0pHFIp8YQH0heYXGdMlJvlTjVyZU2xr-X51f2GgwDIcAvkZiF4FvGXxEhCRqQUbNmkjtkCuUvJ1f0EQGhQ-4qJOXFqwsj2QTymhmJGGspUIWA",960,1280,"[""<a href=\""https://maps.google.com/maps/contrib/109781518813363766089/photos\"">Mia</a>""]"
"ChIJhaE_1Gvr9EcRHJJU4ttJm-4","CmRaAAAA4Iso1IbMHmzFf34FcneaZpT7FimEDj8u8XBVKHEhd0QbMlVFzO9q8zEK_6o8nDJKjlSEb6dH1tNTjVxT1q60zw6zKDzbo-TC1X0L2d5sn6ILlpERihOx1ktinPRpqtSmEhD7qbXZBMqHXAt5oqR7Dcp2GhRqJcpYyit2HV7Usmqfd-qdqfuYQQ",3840,5120,"[""<a href=\""https://maps.google.com/maps/contrib/116984931356206540561/photos\"">Pierre LEMASSON</a>""]"
"ChIJhaE_1Gvr9EcRHJJU4ttJm-4","CmRaAAAA7gxsLh3pQhhnnzRPf1qnq6pgNnCgcdneHXhoW6uTuCD2XqdeTJECD8YxrPciNV1kKUAnH3rgIKVEXQcAYgl1HjEoeHbxqrzcMan1f27MJDOzPCVrwAmWdqrTkec_I2CqEhBcb5RN721mR97BkMVETj56GhR2FYqCYrRrwF996hIAT13OVJSrFw",750,1000,"[""<a href=\""https://maps.google.com/maps/contrib/116984931356206540561/photos\"">Pierre LEMASSON</a>""]"
"ChIJhaE_1Gvr9EcRHJJU4ttJm-4","CmRaAAAAKqNFDHqxszENL_9CZWeO37MoQpjCrPfAfXPHDsitVVy9l1zLsY_V7sQthFwDy9CAZ2mIey0bN6fvHEqeIuhG3CGX0vQ6w1btgHzs6aX8KojP3dY4qc7xL9gKJ5EAWlseEhBEKOIz68bn5DFBUrKFRKAnGhQGkakNo04GiNJ0ZrgjzMDtLGigIQ",3024,4032,"[""<a href=\""https://maps.google.com/maps/contrib/116984931356206540561/photos\"">Pierre LEMASSON</a>""]"
"ChIJhaE_1Gvr9EcRHJJU4ttJm-4","CmRaAAAAOUpR1nyMFbjMtHrtN2OCad9OwzHEqi7yFP68EW7eavYq__Pemj1O0GODs17y4FY3goKNLrct4s5t2NEaXtEjKrTcnuFwH4F9d5UeJKMSWzv6URg8PmDtkOm4YyPzouu6EhCJVg0vH-pPvdRMnPYBKOa1GhRX_21lL0iZrmV3PHEA0EDUTvJtFQ",2448,3264,"[""<a href=\""https://maps.google.com/maps/contrib/109781518813363766089/photos\"">Mia</a>""]"
"ChIJQzacqxTA9EcRS1IdJUOOSk8","CmRaAAAAx3zdjnXBAHBxuAEQKvA0baV51J5z_zsXUloetv9BFNMhejJnlZtUs6ruyvrd1pUHeFDEIwWDCwKPPRXuw-BlbGlz7kGYUaCDflhASj2UYE5cZqnPKomXSSRnTl9p4i7MEhCP4OaQZDLbvqqUf82sGw_mGhTQ-9hPNyNuCcnMVBWUlXMWZHfTgQ",600,800,"[""<a href=\""https://maps.google.com/maps/contrib/112709999471291190115/photos\"">Speck Motos &amp; Atelier</a>""]"
"ChIJQzacqxTA9EcRS1IdJUOOSk8","CmRaAAAAC3_9FnLLuF35TfrpdMEX27_kf1P6n5FiGMw2z6LsU3Vqab1S_dTD_kXH-OGiiYqVfNhY6467coq_V0zqlPvQMY_2pdV75zpQ0OkpHdIJ46MdsIkGriBDc3xSp_moypvUEhDOl-DeVb3qXkAfn9oJKwyvGhR6RNjK7-eCX6mR8x5oOrYCMlhDWA",1360,2048,"[""<a href=\""https://maps.google.com/maps/contrib/112709999471291190115/photos\"">Speck Motos &amp; Atelier</a>""]"
"ChIJQzacqxTA9EcRS1IdJUOOSk8","CmRaAAAALbM3LYUPwuOucgAgGQkKhDW_ReVaaVqzln-SL7bddsX1XcCc3rePZaK_SqyjHiUGaIwECiQzWoTPGdwZdn9-mescYvLC8AB9B04Z8u3BZtHlavs6mZsVFNueH0PkBhAhEhBEMUFRVxddidMhNng5h9NXGhSqzZ9oA0Ijh9dgzKjjQGOAlQFLLw",2848,4288,"[""<a href=\""https://maps.google.com/maps/contrib/112709999471291190115/photos\"">Speck Motos &amp; Atelier</a>""]"
"ChIJQzacqxTA9EcRS1IdJUOOSk8","CmRaAAAAQTgBaillyd1rWvhf_OPGxxxr8NwxeiQnH95o4ECHBU4dhJKNu66eOypkYjJbH32LO5u3rn2VT0TiP9-HB2fpASbMgnxbJAdWDxy_OiP86yEeXcHEgecuwC-rcXmtX51REhDjnEA7OGNcG4h6UE362aKtGhQyYYHmlGpbUT-3NF64HCMl0ITHmg",720,1280,"[""<a href=\""https://maps.google.com/maps/contrib/115428480538488740515/photos\"">Mondo Barry</a>""]"
"ChIJQzacqxTA9EcRS1IdJUOOSk8","CmRaAAAAcysYr5ATEY7EzzAExDXDcqz45o1vqklXvA2ShBxDFODTZZYooRLP2GCrMB2C1WlI1AQZ2vhl5b-B8e84-juWAUA4INJ6VROBj7kQCJ6foR3XNhmXGJHp7dvLtapi7-peEhA9X0ChgtmiWAJwBfmrWs7EGhSc3v8AudMhSiPmu00maz5e7vcSjg",3096,4128,"[""<a href=\""https://maps.google.com/maps/contrib/109094228623301482705/photos\"">Myriam Mumi</a>""]"
"ChIJQzacqxTA9EcRS1IdJUOOSk8","CmRaAAAAkKpvgaJbuOWdSWbQJO4E7dm2C8d1lfuz-EA4rJ_2nvK5eKWnzpfL0qwJ-uBrTNPFKQd_5_-wEl-rpV4sl6fMyJEHzsiwX6gGu_nnUGP7Y0SsW-G9kRhrF77cPoaCu0PNEhAE-6HjlYobYXYLrR-hsplSGhS969cMjxfwTRYLHRwPN83bzSUzfg",1287,1284,"[""<a href=\""https://maps.google.com/maps/contrib/112709999471291190115/photos\"">Speck Motos &amp; Atelier</a>""]"
"ChIJQzacqxTA9EcRS1IdJUOOSk8","CmRaAAAA0wgr1pnzaFeaJyvE5mlK2PQLyoTu_MN-m6CLhNlJWYwMAz-rpTSslm4DfLjTQJzA38sRpk7c4kvb2XmCaVb7JoN3Rq7xB8LpKWd-OrLPQLhDboKJHx1nZ-k1mZiVITtvEhBnMvBrYFBDKBrbPLU7Iz0-GhT69He2dnwhFQ83bzSYdkdEkKTzrw",4128,3096,"[""<a href=\""https://maps.google.com/maps/contrib/103971770181147252228/photos\"">bibars</a>""]"
"ChIJz0g4ZW_r9EcRDp4Y8BM1y2w","CmRaAAAAI3VUljOp3ta1Byfs8Fb-ylUUquY9piV8EA2iHZc_ZtSUjQUSuI0PmqCthjgmkT_iU8_9tK1Jj87mSORLRyzvTZ30vVTyvGsfeKAunitGc-ESKrwtJ0sDTlvjP1HjNiyXEhD-xMIqBBlinZc08W8HlBl2GhQJrindaarGfR94QsdM2LswvcswYA",1984,1980,"[""<a href=\""https://maps.google.com/maps/contrib/107240430543967267671/photos\"">Ateliers Perrin et Cie</a>""]"
"ChIJd34KHg3r9EcRuDNrHrGknA0","CmRaAAAAJ6s1Xf2actxIUX-e3VYzKEtm2LLlsBYEx8p55ArePqMlFhKL1SlJgvrPb7PN12y8dGhdybwTq7QbmRIZW8ip97RoPqsZT4uqTc6yKVKIeAHq0T2gFxCTKXo3ZPcXIhBVEhBK8FnfAzzU4o3ektBD7ImkGhSHfEUGIxPqDWRMgT7WQ-vgKGwqCA",1080,1920,"[""<a href=\""https://maps.google.com/maps/contrib/108119526056195388044/photos\"">Philipp Jatho</a>""]"
"ChIJjX4H0Rrr9EcRdaS-uUyJwVk","CmRaAAAASKn9vkf_RgmrUqJTUivxw5eCkIij8GE6zyD7cJE6C0Vtxq9QhfhINRA4pmgAC-ZZBDlN0cAW_x2lzs2hLMz32bpB97IEOocQA5Z5VRNeDxR_Tv4Td6soY2pNSbxRtCMAEhCRce9rjQlNmGyaoilNYlu1GhTE0B84ckgGDWZykP1XMWTiO0_sUg",2448,2448,"[""<a href=\""https://maps.google.com/maps/contrib/110405988888988494437/photos\"">RENAULT CROIX ROUSSE</a>""]"
"ChIJk83gvBzr9EcR8rObyn-WFGg","CmRaAAAAO7nvLOZf9hToVsOAflEvlvkfQYPqRKYaXIBytnDRMFOuNuxVjeDyhDpibEH02oPM_U5Xp_Zom9Db37iFVNGa-g5OhYqUURPBikHLL9Kzo4uEBO8KhF4VZUs5JRTTgs4sEhB_xAzB0MuGZWUx2yOxm198GhRJ669EdBbY5VxXXdYGP7Wtrn80mA",1080,1080,"[""<a href=\""https://maps.google.com/maps/contrib/112487123041714424836/photos\"">Garage Cabias - Entretien mécanique - Cartes grises - Carrosserie - Contrôle technique</a>""]"
"ChIJk83gvBzr9EcR8rObyn-WFGg","CmRaAAAA5aWJRmXagT2_L_ywqklsGR31XU2WAgNTJXFynjiyN-RMKgEehHXqSHI4EhGO_gCq5NrNofnKc_IkCjOAIpq8I6OZR5x5fX3A3-WeKydZaPwwYccc4fkmOoUUX8R1N1M7EhCBc-X19jLflNhqUPoPc13tGhR3oiX0mRGwmmQU5LsMAo_a4KHp1Q",811,811,"[""<a href=\""https://maps.google.com/maps/contrib/112487123041714424836/photos\"">Garage Cabias - Entretien mécanique - Cartes grises - Carrosserie - Contrôle technique</a>""]"
"ChIJM955r_3q9EcRVm5m2Q35YTw","CmRaAAAAh-LfS4HJab6l4DmJPTcN2SCS_meHZDJ_its_OSbxXk7NyFNQTZFEJl3COw17IdoVC22sYZJou8808jLM3POYFvVzZ1-NmXntsYZl0Cs3PbPJmQy25IsjNc29kf2pIDy1EhBN5SK2Fpau4146RnokhugzGhSzGAAeAlQPEc5maAblXHMM8lYJYA",5786,7714,"[""<a href=\""https://maps.google.com/maps/contrib/113108076953103406032/photos\"">Oscar French</a>""]"
"ChIJM955r_3q9EcRVm5m2Q35YTw","CmRaAAAAFlSHRn4BCUIF0K7TC15J5Kq7Fj26IFi0-cgW2vrJpPhj27rpPd0QstS4qKpKs9xEoU-UYzAG7E-q2qP08HJOGGExpAyJdmmue63TM_eQ_Vs2MD86cKltcW75s7FLYM5tEhAFFjUlcQmH9B5RZ98UDSd8GhTgIokllNHvPQjcrHRKqr0gwgQOlw",1365,2048,"[""<a href=\""https://maps.google.com/maps/contrib/114004259897878320801/photos\"">Croix Rousse Moto</a>""]"
"ChIJM955r_3q9EcRVm5m2Q35YTw","CmRaAAAAPL7-pHPPDGF1lHCegUGScKNgy_NgOvSuFspJRTtD8S8nJgppDyjq26u84kQmHcjwPfC7vfx1aacYWNrHmRzk5ixRM3F_VgnGLRCsHV1yQT3SD3R5vdBBFpA7Utqo8IbYEhDlE3INCOiEIQOuK4xXgWi0GhR7EDfd7NPINq4JkEXHkYJkI0aZsg",4000,6000,"[""<a href=\""https://maps.google.com/maps/contrib/113108076953103406032/photos\"">Oscar French</a>""]"
"ChIJM955r_3q9EcRVm5m2Q35YTw","CmRaAAAAyzxZvM6FF8B5pb-PH0XI5F8VQZ9AXl2vniUZkKb9V7t42txWPQGpB_gnAqyS1rNc4OhBsCpqt-LEFUgnB2t19H6PSQsMx9swPYUSAUMfwZX4y8u-P_n8Q9QkcgjQqE1CEhAtyspnms3_pEljZSTnTR4vGhRwhT5XZ0ouJRo7cTb_UnpI_j3n0w",3280,4928,"[""<a href=\""https://maps.google.com/maps/contrib/113108076953103406032/photos\"">Oscar French</a>""]"
"ChIJM955r_3q9EcRVm5m2Q35YTw","CmRaAAAAaWbEABGqqcHD2XAYDLgyTX2CyNcTLXnnROS8R86dca91gyTrQUEs8FYgmSmd8iMBg5_SRaAXSEyTyN-3XK33A5BoXgqu_WIouUGzJzy28MDCKoW_BIpXmxBexDdbbDm1EhD5FZaUiWW6TkluFJakilQdGhQPo2VYEWtl6HBBzgVuLkl3Bz5yiQ",3030,5925,"[""<a href=\""https://maps.google.com/maps/contrib/113108076953103406032/photos\"">Oscar French</a>""]"
"ChIJM955r_3q9EcRVm5m2Q35YTw","CmRaAAAA0TP3hNe0CKeQpJM7UX4GiazPJMvuqUvEJGnjWol7CBn2vkfILNMbdyhZ_V2L6L_LkB_LB3u1J9510Evl_Y1oF3K38lzXOGW2WwBIM_damhGGcA0dggR2yYMyMsgDw6sdEhAnnTdct4A5rBBWW2NiNG46GhSIEZ4aMEPLIziaMxmNJZi-VzTSDg",3280,4928,"[""<a href=\""https://maps.google.com/maps/contrib/113108076953103406032/photos\"">Oscar French</a>""]"
"ChIJM955r_3q9EcRVm5m2Q35YTw","CmRaAAAAZDxPkRsoz7r-X0OjpAaBGNu2vOwsF_rILycsMEQc1GHJlnqS65jmm6coDTyOUUgV3vAF5hwH7ExqEN16uRMyzkpuGV-gkgJuqs7x90wdXsV_LVwiuiLPDXTAdyjqLZS2EhCD4TZ351k2K4x4EP0YX5juGhSZfXSxRxwX4P8_GSknPWohm7JWuw",4054,6074,"[""<a href=\""https://maps.google.com/maps/contrib/114004259897878320801/photos\"">Croix Rousse Moto</a>""]"
"ChIJM955r_3q9EcRVm5m2Q35YTw","CmRaAAAA-ARrDzHyFYSAWgfddHro0SNOeapPZIXDAQ96FoELcwZQhczsWGFly8_U1vq6O-6jO51bJ6EUoCYm8kwuSBAn2MAuhztAct_IiaTHIi1sF9su6Umg6MarZp-O8pGlsOmxEhB9VcSneo_IiDhhMU-kimcXGhQDC16C2lcJHqS0L7HmeTpO_b0dEA",506,1000,"[""<a href=\""https://maps.google.com/maps/contrib/113108076953103406032/photos\"">Oscar French</a>""]"
"ChIJM955r_3q9EcRVm5m2Q35YTw","CmRaAAAAEGeNWIZrK8oQDZzdIFPjsXX58vZCIREPiWu9QUtUsxYgHZvTckSUVkYgKEVJ5P2EoolBGOKwnPHP9Ot3nNyrn97jArUi8G2TDiOdBrjo8oeJ_uVR0UqHBdOzFgkJbFNZEhDsB7ohF9fbwkEgJHdFqffjGhQePZuUtae8SRtOtdaExkwdVC2c8g",4000,6000,"[""<a href=\""https://maps.google.com/maps/contrib/113108076953103406032/photos\"">Oscar French</a>""]"
"ChIJM955r_3q9EcRVm5m2Q35YTw","CmRaAAAAMWY144A1S6QtWiGSJOFe4n5mPCS8eUWSBxGuITi3wgnHnJU7Th6-xzlrq3ViCuEfQfE5D2Pg7FcQ0pNpLxad4JbdTIkUruZal-oO97rkmytiPPKECyTPDtg4ZoCO7F7CEhDfB1PY1IB70HnZXaDAWMT9GhRYQ9d5yvr7PZAwAAOvuxhD6cnA-Q",4000,6000,"[""<a href=\""https://maps.google.com/maps/contrib/113108076953103406032/photos\"">Oscar French</a>""]"
"ChIJWwHjbkXA9EcR1cwNuroi05Q","CmRaAAAAcSEBDCzaYc--qGbMv29FJjFIE6n0fpA7edE_LsTf_DIt4Xxsz3mTk6HGS26wAwWFGF9bXu1X5EVUS49RU0LvOzjFTCr-i4n0G9_2y7y_VHqhv_7T8QszYkWC7AG5CimKEhBqJEPLzDj4jYwxs0n7dbbVGhQYEdPZCUUpXMdu6TuPeA-2FbL0_w",3968,5248,"[""<a href=\""https://maps.google.com/maps/contrib/116311121177439509797/photos\"">CANAL PNEUS SERVICES</a>""]"
"ChIJWwHjbkXA9EcR1cwNuroi05Q","CmRaAAAAVadZOiz616Gnr02RlT5qT87OLOB1Z7qcz29-ncbKf8m5zaxhjRYbG8tN0hXgOyu-zPo4JJ4GvuGwHpImUualvecJvOWcoE-1W_-6kygEh2R3Qwml7A4EFV-qP3lgnCBCEhDIm6y8K6QHRvxEG8IRGln1GhQqKGeFGdVISi6LVpEwYdKdpmM1oQ",4000,4000,"[""<a href=\""https://maps.google.com/maps/contrib/116311121177439509797/photos\"">CANAL PNEUS SERVICES</a>""]"
"ChIJWwHjbkXA9EcR1cwNuroi05Q","CmRaAAAAHRLBz-tfVFPwh9Y0CWb5FbKG05741el0exJ3I-0UOAbgd4NusGUbaR2oDqmUir80Io5Vpm3vRACQWjz9jRUMoJgtxtPa6Isb3lhOl7LA6dVVTFDK8BtbT5qdIUs057PJEhCZLSddzZ4A7FzLJYq_5-C0GhRTWwrFdi5gVDaR15Y-E_fgxpX9xg",3312,5978,"[""<a href=\""https://maps.google.com/maps/contrib/116311121177439509797/photos\"">CANAL PNEUS SERVICES</a>""]"
"ChIJWwHjbkXA9EcR1cwNuroi05Q","CmRaAAAAFwypXQZW87i70LFdW-8ffyXP0oBkzX7pib4NYIDyS92cC_b2zHA6KAJVUNkUQ4HzmwFuzQttu8ilCV0JaoUQDwysQVwwM1_cC_f8rMQ8Tc2ZPdr53BaUiBjOqazpqiHsEhDYF59SxVKsUCNjka0Yf0WGGhQDvgL8DXZnEvLYxLY_W5IPMGRoTA",941,706,"[""<a href=\""https://maps.google.com/maps/contrib/112677394754071540318/photos\"">Djelloul makhlouf</a>""]"
"ChIJWwHjbkXA9EcR1cwNuroi05Q","CmRaAAAAQSUF60q4QgoToUrJlf7ahG3AlLwPPr_iKxGvHrmPvS75drKE3tdisWIJ9H2xLadnuhwTLwkRVFUZ5pySWBl4o9CwjeePePw4i0w1eyRJMpSI-AzBY2s83QTd_PZ5Qo9_EhByesa4T2zIx5AVGl8KPjm8GhQo7322b50WiUYjkoL7_RXv2Mt2lQ",1080,1920,"[""<a href=\""https://maps.google.com/maps/contrib/108312820459149865564/photos\"">Karim K</a>""]"
"ChIJWwHjbkXA9EcR1cwNuroi05Q","CmRaAAAAjdyIlFthSemzU0QQJ8Qg-XPPKB3Fl9X4SsnuZ8UIXMfO660GuWc6iRh2non1H5SFxfcA7uYgItI5lCVZ3iTaFWaT59kuka-40qhidmUKHW8F6S1-Eh_PcwJyK5LaqeXkEhAhy3FgWkuEhAJxcZn4ftMGGhQAjmuDO1bkbBwGXi636nZwvjPylw",3767,5989,"[""<a href=\""https://maps.google.com/maps/contrib/116311121177439509797/photos\"">CANAL PNEUS SERVICES</a>""]"
"ChIJWwHjbkXA9EcR1cwNuroi05Q","CmRaAAAAGAEySwBdpXBE6g62bJ_XKcxdeQMTd_bsXOKonjb2sWLc3DcfPthYC8uRZbQSLQJfltvnCun3osNv91J6gf-YbIZ9Ww8V5jtTWpThDC3u2sOvNBvBYW16zH1ZlNIudrnREhCKax_ESZXqbgYi3ZaLfVLjGhQPcFNuPVRtKp4J9kRFFYJUauPA7Q",1080,1920,"[""<a href=\""https://maps.google.com/maps/contrib/106548626385610526616/photos\"">salah FL</a>""]"
"ChIJWwHjbkXA9EcR1cwNuroi05Q","CmRaAAAAjMFBiKibiLKHxndSA5EvrKnBSQWquwu4wuor2tW4VsVySdl_iAaYXeb6Qrd8JNb2bklQUVHPAQL-f3GdnXPC8f-6w_eUB5YzuW5_bkI_-ZrqBO8uLU0TkxzoJB3UY-VdEhCcG33xen2V3so-MxjpPigbGhQeMT-1OoDv_tT6SKN_LRAutrDUkQ",1280,960,"[""<a href=\""https://maps.google.com/maps/contrib/116311121177439509797/photos\"">CANAL PNEUS SERVICES</a>""]"
"ChIJWwHjbkXA9EcR1cwNuroi05Q","CmRaAAAAu0wUuoPz2C7RBQz8gNvVMX0YSCalSXHyHFG_PD1pnkqFTDSyOdhS3vI3US7SWhMB8x1bXWEXPtNsLnz0et3q7lKomQ_gFcGbAPeD3hqXnpv_Fc9gb4vleO9ahp7Pz0QtEhCnp0nr-0Qc9j33w6TgFD4lGhRawUjTa_OqwwnDNa_JKjrh2km7QA",1920,1080,"[""<a href=\""https://maps.google.com/maps/contrib/106548626385610526616/photos\"">salah FL</a>""]"
"ChIJWwHjbkXA9EcR1cwNuroi05Q","CmRaAAAAlEMIkNqU0fEspX4pZ7_6Y4orMAZXP_eYLzj2zcPc1Ujzb_WPojVBV_vBRztDZ35cK3VUvjcYKAutdVEqNVDjjlzge1wp6Vt1msD9bcamuvDybJsSAH1NXDv2ZWn18HNMEhANBM5UZIKvmYuYpEgzqgG0GhRCDcg-9PjxCqvwdzvZaqfu6AwnFw",2340,4160,"[""<a href=\""https://maps.google.com/maps/contrib/106548626385610526616/photos\"">salah FL</a>""]"
"ChIJn4Q9a0rA9EcRUsqCst7QEwY","CmRaAAAAXVscrNm-eMG2Qh-regQ2jTB5lUeqg5vgYSLzaASSzrLXXvDE-J0u8F3DUEkcAHAeMZBOU-ipLweNPSG1rQffAlNtVIfx9aVyLcy4vQr_yze0O_n9dKXbrz8upJ8KSTa_EhAB6EPJ-ozkha00o3OKGecMGhQ8f4I4jdwacRuGVZ4VkNn3tx17NQ",3096,4128,"[""<a href=\""https://maps.google.com/maps/contrib/114896032181775108693/photos\"">François-Cyrille Borelly</a>""]"
"ChIJn4Q9a0rA9EcRUsqCst7QEwY","CmRaAAAA2eBRzJImrRSb0epKk7E2Rg-A91PTzxVV73ABP5SHU_ZgQz1dULpc8eCi_i-Dr2OD-tmV4DfFrS6ol_NaKG8gEiA9paBQp0gvP6LV1lHwoRkjWc0iTNPq7AXk3ZcscaogEhDCuXzZlKfY7lruAHZCsz76GhRBaN3HQDM2oCZFQj4IlZ_syfPJMQ",3096,4128,"[""<a href=\""https://maps.google.com/maps/contrib/114896032181775108693/photos\"">François-Cyrille Borelly</a>""]"
"ChIJE1YvKzTA9EcRhQIi1dhg-io","CmRaAAAAmMzCGDnD6f4wNCdfKNMFcgT6BvRVv7j0EUuHDaaWLd_hiAyElbxtVPPq4AR0HZDuhqaxvO8vHiYuXupy3VgYShw5xrqXJ_h9PtwMDn0HuZjSp3vEXi-TeYmAp0ow_F7XEhD4zYbGwd3OSdVAq2Le_HxuGhS2NlhfQSUcQ39qp7osbB1_UPW6Lw",600,800,"[""<a href=\""https://maps.google.com/maps/contrib/107161054683007229750/photos\"">amandine part</a>""]"
"ChIJE1YvKzTA9EcRhQIi1dhg-io","CmRaAAAAze9j0k5DSxMaf2W7iPmXC4sB-u5hiuS5nUaIpAqMiLk7Rxe5QOEqjfpZuFugoAu9q5My6Itd7kfN9CG2cvmtDrCA3K1OhATe-CsHULe9OurwT8rIDHMDQt5RKrf8tAZ0EhCp1anzP_1N54jIyEdw7reYGhRudnOTFH1XrtttQ0oh1JGRD3M7Zw",750,1334,"[""<a href=\""https://maps.google.com/maps/contrib/111222833889848110481/photos\"">karim benmohsen</a>""]"
"ChIJE1YvKzTA9EcRhQIi1dhg-io","CmRaAAAAzStbnN1g9YXC6vCM3tMtF76-zNWuUcN2KRIy-WR1nOjFrStT4Af8xh6ONV84kilVbhwRKXUSs57rf2_JQBaL95CiNAbbTHcGxWF9jUUmZ1qrrHUsj2eEmnN8iEJe6X2ZEhBHYu9inzUV_tudGm1ESNe3GhSXXOEn-gVwmQJ0QyvpSvTcebQRNw",994,1440,"[""<a href=\""https://maps.google.com/maps/contrib/107661445019449838308/photos\"">Pierre Durand</a>""]"
"ChIJE1YvKzTA9EcRhQIi1dhg-io","CmRaAAAAuAzRcWBEpa9CH7990MhYmWuG0ABMOaj4xHkYzwh4qiS7wtD7-Fec6AZaRQ0AHyf0mWr04zTxjqGh_yGRaTp5-sBTAVcKIIpOIGJpusfB9WfSGIS6AffZI5kOrGOpVo5KEhDf0iquO8mOonP0Tyoi2WfKGhQSy8DMBIG0hk1ASUMvukpPPqPKrA",750,1334,"[""<a href=\""https://maps.google.com/maps/contrib/113014515061686911703/photos\"">Max Daniel</a>""]"
"ChIJaXaQDm_s9EcRXT_KYTrS-D8","CmRaAAAAQ0oh3Jarf3H-AjFGki-r62jrz4GY6NIQSOd3EMAPcMtxSSVERR2wcYl-VDs5UmygihHraWWDzEjf_xcc0Q0H-fjF7_IqBnUBpKQLKnOYN5cemflXzfg7-U28ulmajxrREhAdewcwgJoGX9GW0JXBQzOjGhSxD_5G2ZjFk3rnmEgyf97OX2ablQ",3120,4160,"[""<a href=\""https://maps.google.com/maps/contrib/107759300215178260026/photos\"">Rushkof</a>""]"
"ChIJaXaQDm_s9EcRXT_KYTrS-D8","CmRaAAAAC71H_87oadow02n0hkfOLKH8U2SZS40uewa8V-zm0W92mSmWRM35HXKNqBiPQw0Tie2raDBYg7AnwayVgpAdEt7YU69FnTfpg0AxQxEKvYKwMcPQL8qSm9nLfBL_z_4UEhAO6YLOwUQXMgmacjr2Cq5gGhTzdtjX2p2VOhhc0A2X6328BboXVA",1746,3104,"[""<a href=\""https://maps.google.com/maps/contrib/106057558536907467441/photos\"">Joseph Bertocchio</a>""]"
"ChIJaXaQDm_s9EcRXT_KYTrS-D8","CmRaAAAAS0Zx9bFbU3QTMqAVUR0YpGaePUiEN0s1G__jvs4MwlASVgQDwkDtmCOzEzxdhQsmfguZua8dzfoiAYvlkp-3GAWAuoeicIt13KuDiZ7mXusL0mwmbvV_OygvbxoBFlN2EhDKU-IO3VDcTGRcUUyBY_KfGhRDKRhvc5Jv5Mma01gMiqmIZgVVUw",2988,3984,"[""<a href=\""https://maps.google.com/maps/contrib/105266382371905735561/photos\"">Martine PETIT</a>""]"
"ChIJaXaQDm_s9EcRXT_KYTrS-D8","CmRaAAAAkO6zdqV3UTvAUeABOe2hTgHdmf8VLcbu0hzSv3tPcOoNG1ieWm1VDwCB5pZD5ErhnaLyWigDbFglcCfniXb2NgxPcVNwWf7tvfXjtvvUrIDiGzXG7pcjag47nZy-JURrEhA2AKOCHGdZf176zBrkD116GhRDXIHmE7zfT_UnVg8PLIT6Qmx1Yw",3984,2988,"[""<a href=\""https://maps.google.com/maps/contrib/105266382371905735561/photos\"">Martine PETIT</a>""]"
"ChIJaXaQDm_s9EcRXT_KYTrS-D8","CmRaAAAAmRDxLnsdyjYWoAukbn6w_LFDqHCz5MbmRYVK_SGqAmm5jfbuNGfD4Adwwm7CAglkh69V5S_teArFn92laqeeCPj0pseaBct5yQTENr1xrqLUtWd6RMnpBf8J_0km_3YDEhDTbdynDwSMDQ7Fp7N6Pp6FGhQawzEa7D45uZinqz0qmUDiV6V3NA",3984,2988,"[""<a href=\""https://maps.google.com/maps/contrib/105266382371905735561/photos\"">Martine PETIT</a>""]"
"ChIJaXaQDm_s9EcRXT_KYTrS-D8","CmRaAAAAPgykP6kn6_VjD-h6dgHJ14_eGtONhE5U3MRPJ5YEPpvajBRVYm8HFAQ-pWeaL7NfdDdwzQc2l1RC0vVbFbX61ky9WuIauPh-fwTCEv1ngQm7MtKYyWy1B6kYiM-nsTG_EhDENH_SpDyARZYz7WT1mRnUGhTstaivfOqLrU6QGJTt8MVXk-jJnQ",3984,2988,"[""<a href=\""https://maps.google.com/maps/contrib/105266382371905735561/photos\"">Martine PETIT</a>""]"
"ChIJaXaQDm_s9EcRXT_KYTrS-D8","CmRaAAAAkUQE4oxrRTWrmT2PLw5A_qC7EUcy4YzpY5aPo6Oqw0UhLPQJw8FARBizf0bsAZxoKYpCHRKQ81sz_8fXJou_-L998wZ129D5V0KpyAlw-JyxysV0bfv42rVpGKSBU-nDEhBOPoIT_UVLNC4WFDMdYqbFGhRg-5shx7f-KIZxAgpRPsGsp8rvcA",3984,2988,"[""<a href=\""https://maps.google.com/maps/contrib/105266382371905735561/photos\"">Martine PETIT</a>""]"
"ChIJF5gcwf7q9EcRUrRmNzVzX1c","CmRaAAAAX1kdiDBM3aF5G7Qanh-1ZLIcwXaYJ3sOQcv509l4t8hB4ltf0j4j5Rr2-CvK1u4TFxuHcdXWNP0-M-7IjoNkoUgFMLMn1Iw_SWKRXQdO9uktLtGez_i7TG-UQx6RPsuyEhCGdLRIs8EuH_4HBiGTAQWFGhRNqruDNiEwF4VteJbVoF-m9GqEDQ",2160,3840,"[""<a href=\""https://maps.google.com/maps/contrib/109219317880374820217/photos\"">Rémy Rancon</a>""]"
"ChIJF5gcwf7q9EcRUrRmNzVzX1c","CmRaAAAANVf2O6iTm8cKgF0Fs2NvJKyP276_Q4PzCOy5zLCaBW1LG-5KquAKvDFEbg2SV8r7kcQTIQLmP2STO39c0zw2WSt2lrcl5AB657kwN99UC-5yNK_lMrB4rK3-mG-d9UZyEhCi9it-FDRKrKFyofipPH_lGhQrCTOpC_TUCw0ANjHPuhYiA7yx_A",1080,1920,"[""<a href=\""https://maps.google.com/maps/contrib/104908421884909136754/photos\"">Nicolas Rochedy</a>""]"
"ChIJF5gcwf7q9EcRUrRmNzVzX1c","CmRaAAAA0bR5gHihM0D0bBC_liaAkmGHMGkFwHvbOq8wx5YMmHnryvtm2vE1pXQvAY8soej0vKR2fPQNL6qmRuf8f0MxbmAAZJt43andQ1NPJBuAb3R4tvM5g2lBTT-LsWbaKe29EhDO_P16WUzDmEtTD3mx4-lxGhS_gl-4LypioOrA3B5fMLEfuo98iQ",1080,1920,"[""<a href=\""https://maps.google.com/maps/contrib/104908421884909136754/photos\"">Nicolas Rochedy</a>""]"
"ChIJF5gcwf7q9EcRUrRmNzVzX1c","CmRaAAAA_M1-AKdqDUPEKCSYYHVpJtrNoqqnTfkgiYKFjN0LQnQm5rXJLaVBfhLmddLLD1KOqfs1eq0EIc7rIrRdxIaHY4wFjX2qXlswP6ihKrbkzyr77ipeoAPyaUdcK30g5HRCEhASC4q1fyI3XeAwWYOklVNCGhSH2ZB7X-IGCxJaxXVyc9jPvpjRxQ",3096,4128,"[""<a href=\""https://maps.google.com/maps/contrib/115540903484135751805/photos\"">Pierre Roubi</a>""]"
"ChIJjYA3hxry9EcRToOOMIIgrn8","CmRaAAAAMk8lvoJ3sk3wn2hx6XByt4IgYSDlYe7lr9K9UtYlUNlTxTD8u6RyGQPb6L3bqXu0dTi_H6cStYAXnSheXxYYrDpupzhQ6Tp4ZwTom8nQ_7i7Qqgi12b7z8Qs8vFAUbmuEhDHqfqncvQlRnhXw5g-NEBWGhS75Kh_ivMJ7DoqMyY3-Phv8XP_bg",3024,4032,"[""<a href=\""https://maps.google.com/maps/contrib/110095608916157966795/photos\"">Clément Chillet</a>""]"
"ChIJjYA3hxry9EcRToOOMIIgrn8","CmRaAAAAht2viYTcoa1TVQpLh7kqbxr_B9MqV2osYtdALpY-A-MZu40h8gyZn0Tuob9NnzorvrmewYAgy4BiAlHQjlqlEGvBk9ymDscHQphn82C510JmPz4CVsWHIIgib6gHzXivEhAaDKuOPASqiXm7v_q5_GyfGhSRhrZ0KeNIn1QO5WoKR_jGxLfLEA",2245,2245,"[""<a href=\""https://maps.google.com/maps/contrib/113629247706658284658/photos\"">Adrien Durand</a>""]"
"ChIJjYA3hxry9EcRToOOMIIgrn8","CmRaAAAAzOVoTZvipiVnn_i84_TBiLY5OJARIVz4ufzCM44U2k8W_HDIOuhMz6iNtvVuNNYCH8iTVmv6PqYX12NVjnHuFCNE7IadUCbcIMZkeLpbH7uozyddZ0PfZqZkCGQ1EUWAEhAZ2oz8pOsuwB_G7lNPZO0QGhRH3hcKacVAMzrcVgNFAsD9KujTLA",3024,4032,"[""<a href=\""https://maps.google.com/maps/contrib/110095608916157966795/photos\"">Clément Chillet</a>""]"
"ChIJjYA3hxry9EcRToOOMIIgrn8","CmRaAAAAOm8in8RKzsJlMwiFTalOgIt8ycU-ZOGCsG1w7QbyWpnC_VJ-hN5Ihhiaer7N5_WvuqCtKFbbAwCfY-u_zUrSlawFuRPkWWyqOFvE34yAvmQlcw6bwjuXyfdQsUppcLefEhBSOV3pzrj2nchxN_mlaF8NGhRH9_pX4vvtrRo54_lrzJNEwpIEOA",3024,4032,"[""<a href=\""https://maps.google.com/maps/contrib/110095608916157966795/photos\"">Clément Chillet</a>""]"
"ChIJjYA3hxry9EcRToOOMIIgrn8","CmRaAAAA4kCJ2N0DIIyCz_aWp-RPmEP14Yzj18NfWqZ_svlhjIzEmTkf3Jcry9j9z4XEnbZTRRqoyoiE-Ft8c9jTmDUatZL3l2isZw6-j43-i3eg0XhKeMPIlDLed3h7LIPEUn4JEhDABCnSkuiXRPrUSgg5GnUqGhTIDFdrrOczXpPayTB31nfZfgFDaQ",400,400,"[""<a href=\""https://maps.google.com/maps/contrib/110095608916157966795/photos\"">Clément Chillet</a>""]"
"ChIJA-nLJsrr9EcR0Zp1iPu09-Y","CmRaAAAADKPL7e-nyHBTV3iqcd6yJ4SQEN1jc9BCbmzmBR3I169_4kELaVW4vDRYskr2jxLDUjMlL2L5bIzoMs34oPDg1IEkPR_xpAIMM9dcm__-epDUUJS6nj7IgRcuYnPlL1gbEhAmpNjLDuceqCu9sM6mzixkGhSzXnvQ2XHWy97mladq4TH5S0pvBg",2087,3264,"[""<a href=\""https://maps.google.com/maps/contrib/108772692886961208636/photos\"">francois delaty</a>""]"
"ChIJA-nLJsrr9EcR0Zp1iPu09-Y","CmRaAAAAExUartdN5o4hCI56_qL0NPtkDeWCnDPSneLaHiqME_3kBbqsU7Ppz1aIgKkVXo_LunfP5c_CRlrxdF3x59HCiW59hl8hSq_v2s3J21LsHAaqaxGqBIIMpqN96KPeKHmNEhAPdOKRUMPj2F4YD4OuqO8oGhRR-1mKb4yBiNpU2i6bJ4U3L4G6qg",3840,5760,"[""<a href=\""https://maps.google.com/maps/contrib/108772692886961208636/photos\"">francois delaty</a>""]"
"ChIJA-nLJsrr9EcR0Zp1iPu09-Y","CmRaAAAA1YgvzEbJydlOwEl_bDY_37kBJwO6qHTDfzgXWPhvzYbHSMEqOx6Ctk5bDIU5R5yHfwIlpzKHbOW6s6pCvfZOoBWapXY38XUoZgvyIup0qRDYn4oVkKCc9JJcfi9yI_YkEhBx55KHMAL5FxT91qK6jU60GhTGzTm2hh3KaKZbdCMP5e512NcBSg",2048,1536,"[""<a href=\""https://maps.google.com/maps/contrib/108772692886961208636/photos\"">francois delaty</a>""]"
"ChIJA-nLJsrr9EcR0Zp1iPu09-Y","CmRaAAAAMmGzKFuaTTE9fE3i7FerxRl6TuVEwRJ0Up1N26HaLZ9Ytrez6LJw7-Xnla_q_bhhU-vZ9BWyTya_dHrLS4TWFKKdGHV96DJuS-HlqmG_-Pr9a4H5Nq0Z0HQuhcMXsE7uEhBlsTuM-oIgiTmOK6Mt2ZxCGhQKPvI6RW26wkovnMdrfrC06HmHlQ",1836,3264,"[""<a href=\""https://maps.google.com/maps/contrib/103939502748974574156/photos\"">Gilbert Bernolin</a>""]"
"ChIJA-nLJsrr9EcR0Zp1iPu09-Y","CmRaAAAAQlNAXVCw6yKaJc4qSEtlFjMSrOue-JCYK_UkLF6rhVsYyLSkmdvujK7wvKI0s41iwSfNUwo_fsXnQDVEmCBxlNxWqQ8nZE6OemUzQh6EZxWu6S89bPFlNZz68z5sQJ_LEhAC_hQpW5n7K-GBOl0Z94RDGhS6Mf_qh2u42NBvh4Z5khWFvhbJXQ",3744,5616,"[""<a href=\""https://maps.google.com/maps/contrib/108772692886961208636/photos\"">francois delaty</a>""]"
"ChIJA-nLJsrr9EcR0Zp1iPu09-Y","CmRaAAAAq3SEH3B2HBFnDpIp99uPWKvHRXG7A4TNvFs2sS7BuGZAOiFRG_Qv8w_1WtVFMmubdPV1SD7mShO-sAXi_IyaTaOpUAOhr87Or2Fj9V7ckz_ELGNsjEj7uLFsbyMFRdihEhDkoYA2UsRi3RBB_rq-cn9JGhRqwfnv1TSFu5YJtzeD3m3FAGLbgA",2048,1536,"[""<a href=\""https://maps.google.com/maps/contrib/108772692886961208636/photos\"">francois delaty</a>""]"
"ChIJA-nLJsrr9EcR0Zp1iPu09-Y","CmRaAAAAOIspfEhFHpnYEtiZBDsCj5wQoTJSCpStIoEedJtAhNbIjd69cTNMg0WOXc5njxNY4QaEzHgtv17g1CEWreE_UEvm20IG03YjsyVqEi0L7dvK5S4U9yDqUVr4CmLsq1nSEhCIsYvNSu8agC9-B_1_KfIyGhQXhqadsOktOWVQ5LcKHW3mqczqYw",1351,1585,"[""<a href=\""https://maps.google.com/maps/contrib/108772692886961208636/photos\"">francois delaty</a>""]"
"ChIJA-nLJsrr9EcR0Zp1iPu09-Y","CmRaAAAAyfLVH6YEsNTxTWFZJIujz6SQEmwEoBCZGnikXJSFdJqrNZe1ApA1COMpFr3B-lB_NCdj24lUKxXWMJB8VL1T0lVxBTIo_vkJ-NEE541kncLYP3Bdp3J-QuGZhduPP93zEhANC112fmuNqm8aAWh-W0NmGhSfX55vnFqzNkwlfzQW9zChU3Uwdg",3744,5616,"[""<a href=\""https://maps.google.com/maps/contrib/108772692886961208636/photos\"">francois delaty</a>""]"
"ChIJA-nLJsrr9EcR0Zp1iPu09-Y","CmRaAAAA-D2JaV44sc93F01OwL7dyr9QEghfmNaC2US5Ci7-QbBVCOT8FacJhTOZDbkHr9ag2Z7PaaIhLrEIrWyJxupKDqnKGymp2OFHdK58PaALwkpOSvnIweQGVhHGjcnUimv1EhDl6HMsEE6fkxjx83Oz3gl6GhQqCPLKKyqOsFXqJv01-TRm2xaCnw",1536,2048,"[""<a href=\""https://maps.google.com/maps/contrib/108772692886961208636/photos\"">francois delaty</a>""]"
"ChIJA-nLJsrr9EcR0Zp1iPu09-Y","CmRaAAAAJe1cKPCc-oSqUk8ljeZWrtv-888qyhHSWfHvqM9h048fuQ8h9s3HeqBHtBfyoMZrRv2Md9t13NBspXxPwEe3ZihkYTl5fYT3ZMScnFqTtPL_w7RAQC46IJf_A15_YxDiEhBSSaeXSgwrODet9nybcHywGhR0jV6KRGwUBwUv386uAZ2ChswxUQ",3744,5616,"[""<a href=\""https://maps.google.com/maps/contrib/108772692886961208636/photos\"">francois delaty</a>""]"
"ChIJ-ciCdbTr9EcRn4JHKikIGeU","CmRaAAAAy7k0qNS6YDArwjY8jUFs2BbZjDQTxY3tkXdjDOXhSXct4W7ueuLuVJVFpCy0Zn50fNKSeNJdOa2XlhOi-iYVG3-oiKAymWOSlMueww8X0_0j9kgxoExtUuDfjEiiygiOEhA3Ewf3hkLFdZCBFw3vyw4IGhTP6TeFNhZz4g6iRy6CdfMvsn9yJg",4032,3024,"[""<a href=\""https://maps.google.com/maps/contrib/110498680698724530584/photos\"">Déodat de Carné</a>""]"
"ChIJ-ciCdbTr9EcRn4JHKikIGeU","CmRaAAAARRbh8YzqQYSLqxotFJTf_Cv8U0xbXwalcpzgaGpiTTEl1l905gpXX6FDeOk7YC1r3SESWuVFKSXfa7jEfSA68QOL9QKsrujuYlW70FMYQjx2Gpda4FJniBHp3XTlC8WmEhDbhQGdrWqEswuz3H0xqcsKGhT6P1h7mhldqeHDzfdXD0ZBhOFqpQ",3024,4032,"[""<a href=\""https://maps.google.com/maps/contrib/110498680698724530584/photos\"">Déodat de Carné</a>""]"
"ChIJ-ciCdbTr9EcRn4JHKikIGeU","CmRaAAAAN1JuWchbCxejptDigV1tT-5Mc1953a2zX61UHX9HEizE0mRT60aDLYZNslnwNwa1lLht7ewRu-XVclbbQrW0cFYsOn6oY9erQtQf7zslZbdY1o2QzIQEPW1e0xGX1qrvEhAJfurN4FuKgQY6-Pvrol5hGhTHX3gJccJzn0XgewcCzjNcNH4bDQ",4032,3024,"[""<a href=\""https://maps.google.com/maps/contrib/110498680698724530584/photos\"">Déodat de Carné</a>""]"
"ChIJ-ciCdbTr9EcRn4JHKikIGeU","CmRaAAAAEACYxjHPyZVi-uOCzB-JlsVPX9KPeYlpT2TFEjMaOjwkoL_R5Aomk1ASfJqF1QHLTBkC4R-xnjXXLXP5wBAwFGV-izonF21YSKtCHB7wK43VjbWR-936NAh-4ki1w5nfEhAV8N62M8vdRtJY-Cc6BeiGGhTOEZA2a9f0S3IHgtQ7oQZ4-bzQ1Q",4032,3024,"[""<a href=\""https://maps.google.com/maps/contrib/110498680698724530584/photos\"">Déodat de Carné</a>""]"
"ChIJ-ciCdbTr9EcRn4JHKikIGeU","CmRaAAAA7bDN1xtMTb8QyCEIO8jCowP72b5KJsBBI-32tjXrKvT-Gcm3MgoXcWkmHszm1h_puLVuC4Zz8B-GXG9edmx5gk7m8sphE-wfGYML2xAF9RdS8z7i3e9Ud48Z3ZbPCvWnEhBsrfIk3-QcRt1Wcbn1T0HxGhQHZu0lxyoR51Kgb97nValej6FAGg",4032,3024,"[""<a href=\""https://maps.google.com/maps/contrib/110498680698724530584/photos\"">Déodat de Carné</a>""]"
"ChIJ-ciCdbTr9EcRn4JHKikIGeU","CmRaAAAAjgBNxmiZApOWSP0PLjL8QFhAyOClwB6XUpEuXV9fTs4QLUpvazzIOAUOHh0MN2e1YKxW-ilF0E7dgKe2uOmcGLMJ664YyhkvSiGaBHcO0Re3BLqO_9wIUJw05V9aoNo4EhABVhZC0cKjFVS8ZWoXc6l7GhSQY3s5GXSq05WjYd3d8YlbPcQR9A",4032,3024,"[""<a href=\""https://maps.google.com/maps/contrib/110498680698724530584/photos\"">Déodat de Carné</a>""]"
"ChIJtZcr3UTq9EcRg9nwhMM5YlU","CmRZAAAAUIY5M090MbPBgepEgOxjV5MzJcAt7vNlI75bpwhhUzQK3YZbZkpInQh7cbBfPH4Iz5P5-gz66edy0RRix388TchBz4Il-VEB9ypXR6oSN_ppsIK0x0hVPMujpzG-x5QWEhAabF9VLkaA8IsBAWS6D47QGhQ31PIyl4FMvQRk05UnVHmdjU8Q5g",3120,4160,"[""<a href=\""https://maps.google.com/maps/contrib/116509824726627767214/photos\"">Arnaud Morillon</a>""]"
"ChIJtZcr3UTq9EcRg9nwhMM5YlU","CmRaAAAANl55_w-0tdGrvolMKSsq_XMrfmOdeaJ2_Fc_z24ur7cbA_O_So_W-wt-hvFf54xJLCAZmgwVLHSg8hQfc9uvgGV6vdD7XWg27tC8I_H3LGOiGkTPqWppzeip7NNBKR4hEhDrfnl-QIEEIb8mWeZ4pFkdGhQQbTFLthSD1jHMYWeS3KhjMVepWg",2322,4128,"[""<a href=\""https://maps.google.com/maps/contrib/103994305466633390791/photos\"">Liu Chin SHIH</a>""]"
"ChIJtZcr3UTq9EcRg9nwhMM5YlU","CmRaAAAAqkB_-Y-GE-m4uH6kySw_FBOMn3bb-bgSfaG_PdlfVxvAUwChYFP3srxClT49AlaqVF4a8c4-BE-8WSyUe6Gpatuf83cSUQiG4iB78odOVt2xZsGims19sVriqUDi52rAEhA7ubyxsmTg5jWnUOtTjJYSGhQw7b3psvmSH0jasrN3Gio7w3fplQ",1836,3264,"[""<a href=\""https://maps.google.com/maps/contrib/100469915225423195019/photos\"">Caro FER</a>""]"
"ChIJY1VdSGnq9EcRsHuv-opnn-I","CmRaAAAA30rI6mO9HJNrQ32YW0jWvGpQpTqH7UdRwNixFl0CU1hnz9j3jcbR_sZvH4ws1VRcPMplXlWSINwFEa-1fmsNOVCwGWhlgY5w4ZXX8LVXZAmKe3-tH27GInd8jXpmvlGYEhAtCrtynA6zQ0qJRkl3biMWGhSoUqfujsyQRkw3D98ne67jxfYbPQ",1150,2048,"[""<a href=\""https://maps.google.com/maps/contrib/111258338813452754611/photos\"">Prestige Garibaldi</a>""]"
"ChIJY1VdSGnq9EcRsHuv-opnn-I","CmRaAAAAbHowsbc3sZp3_S57YsijOpNoJavxO8epsEn-2Xw9ScqG1HJRaVjZRDRHigIGKGdM3_OI6MKiSxFEYu_81g6SFGQT5hgIVOxrfvN0dhx_srdSF5iMALDcOvgFU-vEYIT1EhDRfbRfhXp3xdZwJLtphLIoGhRQTDywyL-jTauC0jkzeQPhblDGFA",3024,4032,"[""<a href=\""https://maps.google.com/maps/contrib/111258338813452754611/photos\"">Prestige Garibaldi</a>""]"
"ChIJY1VdSGnq9EcRsHuv-opnn-I","CmRaAAAAbfljvt7YeMkV6LwMG3-X4ZgA5EMrS0oJQei7esa5KOgpPoe1FyuD-v0Ie9sKTr6sKib1E3ka6bsA9eFnvM98m28o9onu9t56TxMLNTX0-DVtZtCMvkjIZwBTrvcE9VtpEhCqeCXBLyxDuIhtmCmmTQzvGhTeYgBrSmrQrzR77cJBc6GshYu86g",3024,4032,"[""<a href=\""https://maps.google.com/maps/contrib/111258338813452754611/photos\"">Prestige Garibaldi</a>""]"
"ChIJY1VdSGnq9EcRsHuv-opnn-I","CmRaAAAAKkI0LWWzUyjzbSKqg4hgnadfUSK8unW5fJzLfviUXMCkBH2wl9LBnhwt8BOVzcBK5eO7-2p14xx-adER1_RT-x2-bJBoX65_nQCowbbrl5BeZNbJVMc8Ye-CTApwWnOhEhBp7r3d-HVyXwWd6iA559CnGhQCXNFgOZ5ItHnrXHeFP0eX9MtTVw",1242,2208,"[""<a href=\""https://maps.google.com/maps/contrib/111258338813452754611/photos\"">Prestige Garibaldi</a>""]"
"ChIJY1VdSGnq9EcRsHuv-opnn-I","CmRaAAAAOGJAwN5S4hEZC9hAN2F8FWrTEcPsIRZfgKo3YC4EIwpfxjz5uvE1zZc4g0lEn1wXpC77dApZC7NwlAnWpNLKi8JD6XbKG0LKJJZgnGH8hLE4hO74mIDIyDPGYMffwdNCEhCWAJ4OXGZPUiEHAlkiDkzLGhSo7jMe8GUhBtuK9wIj-6zgCVatFw",3024,4032,"[""<a href=\""https://maps.google.com/maps/contrib/111258338813452754611/photos\"">Prestige Garibaldi</a>""]"
"ChIJY1VdSGnq9EcRsHuv-opnn-I","CmRaAAAABz7HS6dSZL0cly2SVNpL2cMhszdLkvHr4SWWAhohU-QojgPyx_Bv9p5_CzEoCdjTwLXYepIlgsSV69MtnuxPMhgr6FS3xekzjS9HJcQeOD7V5QpuYrcH2QneJvjK71cvEhCxchjbJn3A2rz2lrmWpdeWGhQSWyjUvhkMl3FIdZ5es-JWVjj0gA",1242,2208,"[""<a href=\""https://maps.google.com/maps/contrib/111258338813452754611/photos\"">Prestige Garibaldi</a>""]"
"ChIJY1VdSGnq9EcRsHuv-opnn-I","CmRaAAAAaMeKvi7nxmQOFkcr65WtHSuuPE4NqfZT4q5j3iccPq_OTc7fU0xhj_fSTAzp0ICa50sFrH0249LBFjhGi1zI5o4vrNAVTGcjs5asAhdEQIKOcJFe4ImpCo4aK6M7RM5NEhCZwKdJgWFQ_AgaknH1FVF9GhQiKB6ovrKE2htwuxjW-upKvQGsqw",1920,1080,"[""<a href=\""https://maps.google.com/maps/contrib/101682594860904960194/photos\"">SOLTANI LYIES</a>""]"
"ChIJY1VdSGnq9EcRsHuv-opnn-I","CmRaAAAAwCZvaEyG3WTG2qrG9xwGAjLDMFIOW0ajZ0RfV6yWusWS3NMxPiDHhFjqFrwoG-fexk4YyPHUcM2Q1TucPKT2zqYZKk5U9f-advBdeRMkM5zj3U8pbbOCvcr4PB2K5expEhBjUh_E2ySwMecZivHfms4pGhR9optQfO-8iVpg9nPi7z0SJNi8zg",3024,4032,"[""<a href=\""https://maps.google.com/maps/contrib/111258338813452754611/photos\"">Prestige Garibaldi</a>""]"
"ChIJY1VdSGnq9EcRsHuv-opnn-I","CmRaAAAA6tWcgSLW-KCn7OojQSLCWHiFgew3rjZ0Uz8sRxiWjlfLWLuBQ5VgO_C98l9V0zixha9XTykRlNu8pxrp8vbnKVbxZgfImhrdLHX5poZuWqwXc49ycR_vMIObY3C-TexkEhD8evxv3XUAzRJWrGySzCjrGhRv0jv14aoQVNW9EasS2T69cqLr6w",1242,2208,"[""<a href=\""https://maps.google.com/maps/contrib/111258338813452754611/photos\"">Prestige Garibaldi</a>""]"
"ChIJY1VdSGnq9EcRsHuv-opnn-I","CmRaAAAAX4PJOAaWwWOKeiKM0swg26g7lz639rT4AFDHXmzlZVkGoEWyE-JO6YJR5EbznLFbOa9HAtyrJrdNRntHjz0Hbs92Howz3LC9HHbgkLRSXMCIFgtiZzzHEqG-yoBtYUg5EhBmmPRzrPmQj35eIWh0fjeKGhTOGLIbVdrMbWURgxExtxFcT9tHpg",3024,4032,"[""<a href=\""https://maps.google.com/maps/contrib/111258338813452754611/photos\"">Prestige Garibaldi</a>""]"
"ChIJPeJTc7fB9EcRjepA-qD4mkg","CmRaAAAAq7Txw-Oq9hytW5LFv6bF9fgdfR_bB0GRso-t4Kb7y-SHIXo8F8uI_40CgNZv4qm7UQ4e3_kVOh8EizC3nawIz3hheoBUw3lL_xZPHiqzm5Idx5LxulNlA0SQd01SWZdMEhCa_zM4DJLhtzZIBswWiz1tGhS_fVBAVFyWiHlCSPiDwsKt-2jJFA",608,1080,"[""<a href=\""https://maps.google.com/maps/contrib/111565782151938022886/photos\"">Atelier-Volet Lyon</a>""]"
"ChIJPeJTc7fB9EcRjepA-qD4mkg","CmRaAAAACBbXQU4oR9BUB8kn5VHxeurikYMTgnMh_x8zqoX2OKNNyUQwhLvk6XYOnKvSoL6pnvH9ufsGRImxo4F3YVLatoBkrXWkrZ8d_kyTzIhrRykXwkyRyxcF_XRA2jnDw7coEhDguSrviKjyBi7VbftWhCbpGhQkHXcoteQ9MefmHHx_3SWEKV9GBg",1125,1688,"[""<a href=\""https://maps.google.com/maps/contrib/111565782151938022886/photos\"">Atelier-Volet Lyon</a>""]"
"ChIJPeJTc7fB9EcRjepA-qD4mkg","CmRaAAAA5DDSW2nX092My04oAi480NgkTL5KuEmDGP3nHALhYYEVruWIqOkyOxBgzVVgdEDKHzN3JZMlqtK9XUOVHIt6A3H4krd_Sf0pGss0tUjc12PdldUJ8Gg6B9B7-N0vKL67EhDlUIrTUqusxxVn9q6i0hQJGhQDPeJPY_c-hBPVuKGpbLFnYhdR2A",1125,1688,"[""<a href=\""https://maps.google.com/maps/contrib/111565782151938022886/photos\"">Atelier-Volet Lyon</a>""]"
"ChIJPeJTc7fB9EcRjepA-qD4mkg","CmRaAAAA9oJ9BVOx1JTUeWY3Q3eKugXzj3X-ncaim-WLH5E4EVFooDvUfmwXnZmnKjjAvVRuR-CWdKB1sHZHE_tLMbgLQMr_us-YEM_JgSTUeL_wAsaahYQdgIkHeXYgoj547QvmEhDCvas2sC2D1q0dUBCR95b_GhTfrTTRzGsVy081Cuxf1yCyXZ4MGA",500,500,"[""<a href=\""https://maps.google.com/maps/contrib/111565782151938022886/photos\"">Atelier-Volet Lyon</a>""]"
"ChIJXz24qVi-9kcRwHgxjUm2TGo","CmRaAAAABoUdMOdwc6lilzYVVRWEvdEXRxrjKfAgw81w73x2TjKUmAVGhN2WjvhBpMz6SBxo-jperJevSxENgpZu8RM1agsptwgfxLWVfZpe2-ufKEyeW3TsKD5zVPaK1wsqDWbYEhAgKdDzMWI_KGda_f6sW8xdGhSVOG7w1nR8LBLzZn0HhvHm2-Gvqg",2988,5312,"[""<a href=\""https://maps.google.com/maps/contrib/111080549210900222151/photos\"">Louis K.</a>""]"
"ChIJsbmy9Z7r9EcRUguvywHbgzM","CmRaAAAAEh4txxV0XWuVZycS1jA9lhiHhZxTSEJMENZDI05wYZdw-7BhY1LarK8d1Sazg8Ptc_23zfU18VIan-OjUFKZqYLP691-Tt4m6clVIh82PODsBB74nsaB15ybZHEPAmDQEhB61qBshAC1zF0qFYZncy8BGhSo4CFdBka5f5Lnzw3Cz4gp4JNVqw",1343,2256,"[""<a href=\""https://maps.google.com/maps/contrib/101987736349281488087/photos\"">Relaxauto Lyon-Sud</a>""]"
"ChIJsbmy9Z7r9EcRUguvywHbgzM","CmRaAAAA4FRRDTDb4mIam85L5S8IgZPH6bXyzRh9OGrfEt4KLSu_Fz2__g6LdUk3YXjxnj5Gwxyk1Ehtt9385aUq72roHkkTM81mSDER3LFP-bX8NYjNKBjNNydd_JtlrceDZyzaEhD9QB_UkBQA8NMwBPWw0lJWGhTi34EVk0EBL5eQ9js8bIxGD6TnXw",1152,2048,"[""<a href=\""https://maps.google.com/maps/contrib/101987736349281488087/photos\"">Relaxauto Lyon-Sud</a>""]"
"ChIJsbmy9Z7r9EcRUguvywHbgzM","CmRaAAAA2gyrpcVfScD2G8su-ISubfW_bErKs8bhC4VIMROTq14JWkjFUzGSecst7fmKjHFFEgoUGGhTedXCNkANzUljDu8qfqYod2DeobZTR1Usr8znHLgn_nG8PKLbwAt3D8hbEhAbnjtiu0AsaJyRECMjl2sgGhT2XbbelH4l9YDajY1cLD9lputthA",4976,2800,"[""<a href=\""https://maps.google.com/maps/contrib/101987736349281488087/photos\"">Relaxauto Lyon-Sud</a>""]"
"ChIJsbmy9Z7r9EcRUguvywHbgzM","CmRaAAAAruLAde0vRGFs-f-269zphDr7lPmj4cMR1S262iyTxpBlbiA6i7DobbMs0U0_aTQ2oKdTB7KiPBegERk6nHOc0mtRWDGuUXALm4f4eD5UVUQhI5ytrqz1aE2SUGgTWi_TEhC1ncOBESVaUUTKQC0zy8lyGhTSSgQRBpPAJSY6pNOkFlBXAcLlCQ",1152,2048,"[""<a href=\""https://maps.google.com/maps/contrib/101987736349281488087/photos\"">Relaxauto Lyon-Sud</a>""]"
"ChIJsbmy9Z7r9EcRUguvywHbgzM","CmRaAAAAF9lBoj-7vd270hhlvb22wWgQwGpDA381JcCJkbVySjxxCmkYbyDW9_froP9VHWRTox6OpS-3g-Ct5FVApq19i7aZXomDt52r4HqQKhQfzKPcNR0AJ7dE_LgOS5XpAQd9EhBB-jSR-Oo-T45l7H97ZOWAGhQ78bWrUZWwoGtdnELSGp_XUORotg",1152,2048,"[""<a href=\""https://maps.google.com/maps/contrib/101987736349281488087/photos\"">Relaxauto Lyon-Sud</a>""]"
"ChIJsbmy9Z7r9EcRUguvywHbgzM","CmRaAAAAgDB7otuQa5np0KXgitGwx9Onsk5ci7k0lh3C9CJFsA3lxqt5QbcM8PSQ-EWWCQ_qTJ5vt2tfV_WQsF3YReXTdMKhcajpg01Wm_KNTErFAbJbF7cOkA3NtxwzdqZd2VtDEhCPWqBKvHs3YzUezdsdnNHiGhS1GWUlVMiO_6Zo-2e_uzMwNrPTbw",1152,2048,"[""<a href=\""https://maps.google.com/maps/contrib/101987736349281488087/photos\"">Relaxauto Lyon-Sud</a>""]"
"ChIJsbmy9Z7r9EcRUguvywHbgzM","CmRaAAAAw-_bmeaFe48s0hKesyif1-f99WT9eChPRayvhZ-POxl6Zcz2oUcMLTe6TVWk1K44ZYRbWWTbQyzbtTByecbohGiIkArmRUj07J7x0YYq7UbNSw-wyThyCCa3YpPgrb49EhBs_V_6Q2RE8XQWysUlqS4EGhSGD4UC3M6PyIlTBQN7S1d7pjZFmQ",2008,3176,"[""<a href=\""https://maps.google.com/maps/contrib/101987736349281488087/photos\"">Relaxauto Lyon-Sud</a>""]"
"ChIJsbmy9Z7r9EcRUguvywHbgzM","CmRaAAAAvx0ysO5vgchcrTAyYR2AjkqJmoYHpAPuyiJOXGERukw1ETLq8ZVfuiagVoASgpn3p7Kl5ybLTHjCtnjZP9Y8D6AeYUSFCZsa78gkB2wUTYNu2PTpvFBORGoqEaYT2_BeEhA1oxVk1Jq8ZWRgrnhaivJCGhQ3R6tgVYt0_Ky4lRRopjsMTNmPCQ",1152,2048,"[""<a href=\""https://maps.google.com/maps/contrib/101987736349281488087/photos\"">Relaxauto Lyon-Sud</a>""]"
"ChIJsbmy9Z7r9EcRUguvywHbgzM","CmRaAAAA1o27TnD1N7kf-tkMKvPylSMgU9Fx3oPqNNO30B1_ODi3R74e32VGir0Pbe69neXDf8HE6QGa8WTRTjC1rTiPZp-NOCXr5yl23qPVMkng-SDWbqgC6oZrJAW52d7Fue52EhANXsAr1dJXVRyKdhDddtZ6GhTX-DGpK0LlkGPZoBigJHQiOheVFQ",1152,2048,"[""<a href=\""https://maps.google.com/maps/contrib/101987736349281488087/photos\"">Relaxauto Lyon-Sud</a>""]"
"ChIJsbmy9Z7r9EcRUguvywHbgzM","CmRaAAAAaMe1Ziaj7lCX8RO_CcGQ7Pa-fMK7NDy8gMN_u8um3_BHsATll0XkGz7G36itknEjGi7Bm2tTh7mg23DRIAN-rrdzLAZ8k8ib0zYuuWzaOFLqVLBcnTVONQg4zRr0SI1tEhBBdZa7Wfge_NIz1sFgfDgCGhTTnoTpjLNvWFFYYF2aXVe8LHMHBA",320,320,"[""<a href=\""https://maps.google.com/maps/contrib/101987736349281488087/photos\"">Relaxauto Lyon-Sud</a>""]"
"ChIJ8ZRCNRDC9EcRXsl22jzxASs","CmRaAAAAkLY6lIJt5SFmdV4R9mrSN1UbAWDYCMjEUn74JCpSy-OhBKjIliCmUQ8N96Tri19ASJjHadbsPKU9m0qJ8GoGVe0wF9D9VoWAqAVuzXXAu9p88DzPOyKn32KgbQT8Rc-kEhDlJm_47nTrOR77I3ibkk1RGhS8xCNjG5KoX5RcteXizqBMcKZSEA",1536,2048,"[""<a href=\""https://maps.google.com/maps/contrib/108677137738520034873/photos\"">Christele Brisson</a>""]"
"ChIJ8ZRCNRDC9EcRXsl22jzxASs","CmRaAAAACd7yz-7GsKHUzL5fGq8HOn9roIpF45q0AGrlWLfiP3tfHhyOWoo-wVPeCeEMCrAT0pDvi7xsSfpGqb9p4BKiTWKgTvvKiEykt6P0GMLdkDXKaax6wtWj1iktLmVbyqPkEhCqJl0ZtrKuz1sx6scwLAdrGhSRidYNh5QgTO3ojWEm2pIT2UmxWA",4032,3024,"[""<a href=\""https://maps.google.com/maps/contrib/107348064922169492712/photos\"">Wael Zzz</a>""]"
"ChIJ8ZRCNRDC9EcRXsl22jzxASs","CmRaAAAA1Dy44Pc4yKltzDxWRsEfqZ3EFp6GVDIdk41GEzSzuVJZjYfgaBaMDC_OyS_RSXOaVJd52k3L6R2ndgp1bEOeUsv-8bXD8gorZjlKucbbzmKFv9ONoySwfPxuKKMC4GqoEhDOiAfk-8mNliGX2vId0VRpGhSIk9MKjZbUxBYfEQtGh3ddQ-6gmA",1015,1015,"[""<a href=\""https://maps.google.com/maps/contrib/109777336536999191499/photos\"">Chronoauto</a>""]"
"ChIJ8ZRCNRDC9EcRXsl22jzxASs","CmRaAAAAj1iAErBOHjugzPoYqaX9eSgd9IU5RHdVVZJ_TUuN1XZTu2f1Kv7qO1b26fDH4ebRxsp9pccrgYjb0j94R2xNDLO65mt11u-ZTFbEW7HMOj9vVEP_9n1YcG7AMZ20BC6-EhCLPxaq1yj6fUs77z5pq0--GhR853ig5jK9qStonRvOZ-BQgryeLw",651,651,"[""<a href=\""https://maps.google.com/maps/contrib/109777336536999191499/photos\"">Chronoauto</a>""]"
"ChIJ8ZRCNRDC9EcRXsl22jzxASs","CmRaAAAAujbjBPtVC6zsAdCH3OQbpXLnBJYBQvi8OsTjGe201oJ_U0XtzHOOKJtKjz-QZCJK0n1xC5dFxHCvkn_raHThWxzuF8cYzeRQK1YZx5M94TzlArqKFmvQ15ElEKoHUlEDEhDuWUnMn_8oSNEYe1NiA7B7GhRM_HETwZ6lmIWYCxcxXtXJ0JIHaA",480,4413,"[""<a href=\""https://maps.google.com/maps/contrib/109777336536999191499/photos\"">Chronoauto</a>""]"
"ChIJnb13c_rp9EcR_8bSzYChX6U","CmRaAAAA2BXiaaDuPWexdLrIBa1JOoPbyt75BPGlQL7-jvrzU9tmmwrwzBfr_lN4rb6kx1RIhYfDqRsxzxtsnoTHDV5Da4LpHI_xeREcsZizjFxUe1yZ7LTy-LsACgZvJVqVfP_mEhCwAQdCI9ctRFWBkJI0xrj1GhQArXVzifFqHJAehWvSlhB8zqomTw",683,1024,"[""<a href=\""https://maps.google.com/maps/contrib/105821631961449276113/photos\"">Agence Imagera</a>""]"
"ChIJnb13c_rp9EcR_8bSzYChX6U","CmRaAAAAKUBKnD5HZl3PFjjG_Bi70De_HZhcU7lL5-SGD5rikCs28Y-CqYvlfKhqS6k3LFCqPXp0Ofv8L_vUvCG3gm2MyqPsHTxzcKPmqFzEXpVQqKfZBBiT_TjrwYF2J14urWZEEhACFOU_0Qt6LZQsjug3s3yEGhRgJKeV1I59jdPKuknS1yjdEGtcEQ",683,1024,"[""<a href=\""https://maps.google.com/maps/contrib/105821631961449276113/photos\"">Agence Imagera</a>""]"
"ChIJnb13c_rp9EcR_8bSzYChX6U","CmRaAAAAKs8f3_DVVByijzgnosnsWYI84QyUeeYjMWxYYXFzcpPygfScuZ5xm56dLTQZbejR_ymHhIKukkBKbIJrgzjaOO6C8EjRL5XnTow8HSf4Q5oDlqVEqrPpmMdeNN7nI7E6EhDiYemuzNmo3zude41KtPSEGhQh365wMFXeasPcEiZq4MlJgRM1rg",3000,4000,"[""<a href=\""https://maps.google.com/maps/contrib/116250987696285779010/photos\"">Lana Martynova</a>""]"
"ChIJnb13c_rp9EcR_8bSzYChX6U","CmRaAAAAc6vlKkhqcmFYQMwnOKbvyzpDEQSgt2g307jKCmzWTePXnPXjXyROngHZOyEWvbdEurbb47XtzGdyJIH4pTSBvD_XIW_jtyzIv8OanrfdD5fzxpmOLrOW984RmOqBtxoaEhD-iV06J2z2_ahJzjaVioXkGhQWfpYRMRnrAvqHJXbaYmSeVmz2WQ",683,1024,"[""<a href=\""https://maps.google.com/maps/contrib/105821631961449276113/photos\"">Agence Imagera</a>""]"
"ChIJnb13c_rp9EcR_8bSzYChX6U","CmRaAAAAMLT2cGszO74UYSW3JyyUsfjW84f8Ty2b6KJ00IuUDbPDiH7m4V-AI6mzrt5DQS8Sz5vrbERcCrltjteltwIkiIEdwiHcekTk5bNdKSPjBIo5rspZHp9lwjZ6NxJiXJGFEhCP4zFCUVbohxxu-UOCA9eCGhTGIXMbxdghQ8UMXcHaPGMEB0z8eA",683,1024,"[""<a href=\""https://maps.google.com/maps/contrib/105821631961449276113/photos\"">Agence Imagera</a>""]"
"ChIJnb13c_rp9EcR_8bSzYChX6U","CmRaAAAAu4NwSPQW2kLd3sqFzazJADeRsGLzzjJnWgOuhgSQ7yxWkosDasw9kNjHwJRnqlTLqyPEyyJuV4_BodUC0VX0DkHcT5Xp26dusltDWhaEJ68Th0OBANMj3FbTcHxxC5rhEhAR73matItoVd27rPA02McsGhSsopzwBHnQBmAtUZm72jxlhwHkwg",683,1024,"[""<a href=\""https://maps.google.com/maps/contrib/105821631961449276113/photos\"">Agence Imagera</a>""]"
"ChIJnb13c_rp9EcR_8bSzYChX6U","CmRaAAAAIrtPOWUZIq-tj6gYhZMjghX3BxdwcRBmQbM7r22Pk5Hdy7y5hjDoW8hkbzVvYgwo7Jv5mc_E8nysCDQTqfonz39Bn-RHuDqm886uPGHrA4MD0ZJQLYyNKonwgdRFuuwEEhDxSEi8sWUn4PN7tIoNkU5XGhTowmmq-zW1WfH73pPNOWbCw4ZMUw",683,1024,"[""<a href=\""https://maps.google.com/maps/contrib/105821631961449276113/photos\"">Agence Imagera</a>""]"
"ChIJnb13c_rp9EcR_8bSzYChX6U","CmRaAAAAwm1Hgwwh81NGtrU1it9xhmnNOn2OqLAD4lDEGHnR-3kf54N0h0zVPCU6tp5EWDnwOve4q_LzbI2orZdG0TCf9LKlVhwUODmTGSRzT4nIeVF-qUEcvxM-oXAWFa_d-q1TEhCbY5qPlfRQdmMh52qcs-wAGhQDQaFw1dIJaxsoJTK0R_gJg84HvQ",683,1024,"[""<a href=\""https://maps.google.com/maps/contrib/105821631961449276113/photos\"">Agence Imagera</a>""]"
"ChIJnb13c_rp9EcR_8bSzYChX6U","CmRaAAAA-MryNNVoe29VGPTYGL_bFmZE8jpXSyZB7t9YW2zkwUcLELX2mmlQTuX4BdUqHjTUfYqHKYa-Z0_ilHM6DD3Df-Eg4993usgb_6x5hZt0JIQoRe6CJhbUIyWZT_f6GOGxEhCVY3DX0botfc0vlE_jQMJJGhTueWaPoMVtTQcCNA3Ouj67a4B5gw",2268,4032,"[""<a href=\""https://maps.google.com/maps/contrib/111445980685902288466/photos\"">Manu</a>""]"
"ChIJnb13c_rp9EcR_8bSzYChX6U","CmRaAAAA_Zbvjj0FU2OSwXGj-2P9IRdgYXAX3atvunrq8Uw1DAcrGO5v0CTMXHHlpe3mjkd5KsiX923kccQiHdA0fBwHbKhIuot6FQyUkKpoCaHYGrCqIH6woxTL5CdWEMz0G5fBEhC3fhQ_PixTRhD03jMFCsj-GhTIhZ9tetHyL-TjPvomnHqNghn0pQ",3000,4000,"[""<a href=\""https://maps.google.com/maps/contrib/116250987696285779010/photos\"">Lana Martynova</a>""]"
"ChIJL6k3UArp9EcRzvvs4elGiJY","CmRaAAAAxOLdTu-SZkT-gNuT9HWFWtiUI0pGft_gK2s-G7madhIFr1EPlouOb0CqJJa_7W73FcovoaVOCEWuWJDn9xusizQnDJ0uVM0-vp8mHeK2mot6uxp7OkHKoz5TnqQzOEiLEhClrwK9rbI8ofBwwnZY99_wGhSqgtwB6lJl60yuQWXHm3YDjywedA",2117,3403,"[""<a href=\""https://maps.google.com/maps/contrib/113039985268211488302/photos\"">Vivien Marzocchi</a>""]"
"ChIJL6k3UArp9EcRzvvs4elGiJY","CmRaAAAAJiy1r9lSJYpKlrXTKQKjZ7RtJ1IbJR6Bf_rADaO4qkIHWrO5jUq8AhT1HdQpDcZxEi0E6SmJa4mCioUlDnOiLofVFHtTLJxAw3l49pT4lZi-0UTRV_pv5CnG5xgpTnoOEhClMf4T0oTQGM7_JMz2bmIpGhRqvzzFqwFewP1IR3T4Y0rJGICKLg",499,800,"[""<a href=\""https://maps.google.com/maps/contrib/113039985268211488302/photos\"">Vivien Marzocchi</a>""]"